,latitude,longitude,km_distance
0,42.41907925,-83.18238206795442,0.0
1,37.7257507,-97.513141135653,16.201193002547903
2,25.7741728,-80.19362,0.0
3,35.3692877,-81.9567716,38.907254945755405
4,40.4407165,-84.9845068510765,30.203389524841658
5,43.21252405,-70.87294202655315,11.73060478456855
6,32.58615905,-97.31661787206193,12.330930070739774
7,39.6279879,-104.9110296,0.0
8,34.206534838188354,-118.88260661109992,0.0
9,30.4542206,-86.63361444892132,0.0
10,42.5134264,-83.1916698,0.0
11,27.2930999,-81.3628502,20.282709539599256
12,43.34766285,-97.4310777,32.730193080906965
13,32.5208763,-84.8990862,11.042517784831707
14,37.5385087,-77.43428,0.0
15,27.9477595,-82.458444,0.0
16,47.5471584,-116.13051638300956,50.919426093514154
17,42.4894801,-83.1446485,0.0
18,27.933692,-82.2878701,0.0
19,43.06481785,-70.78932128426669,0.0
20,43.4702675,-111.99209549105757,0.0
21,25.966115,-97.539069,0.0
22,42.5134264,-83.1916698,0.0
23,33.7602448,-117.8270752,10.363264748918771
24,37.768,-121.4350966,0.0
25,37.5385087,-77.43428,0.0
26,41.753091,-72.6811519,13.084345424798219
27,43.991599666666666,-96.322222,22.58682718405025
28,42.6190756,-113.677234,70.25699500936865
29,27.288805449999998,-80.29420308952785,0.0
30,41.237557,-80.818417,30.08470393315327
31,27.9477595,-82.458444,0.0
32,29.9934261,-95.27753394394838,10.919814439220959
33,41.5030766,-81.6251531,7.0577239523061746
34,47.299689,-96.5153463,42.47881018257652
35,32.88494193506493,-97.15295032467532,7.733221627799685
36,37.064121,-120.8591580347306,49.710965930121986
37,37.5925323,-122.3823499563518,8.765541648505268
38,30.16595815,-81.73737692501658,0.0
39,42.41907925,-83.18238206795442,0.0
40,30.16595815,-81.73737692501658,0.0
41,43.4200387,-83.9490365,19.712310471490188
42,42.44512185000001,-83.32459688432317,0.0
43,38.3382385,-75.21047589098166,29.657645075368436
44,28.07107475,-82.42374939767217,0.0
45,33.60809506151924,-112.20272550178399,5.159175564110929
46,38.941448949999995,-94.38100396092653,5.953687675751029
47,44.0248888,-88.15328844745025,31.85685918008136
48,33.97625744897959,-117.37838057142856,0.0
49,27.9477595,-82.458444,0.0
50,39.10482185,-122.90645570108993,0.0
51,42.638462200000006,-83.29149099457695,12.174069910519636
52,42.653810500000006,-73.77695851652038,0.0
53,20.88465665,-156.48965748601668,0.0
54,42.653810500000006,-73.77695851652038,0.0
55,32.9481789,-96.7297206,5.5483418408077165
56,44.5413464,-69.66250124582473,36.054368086786695
57,32.0283088,-81.08860897764168,0.0
58,42.5134264,-83.1916698,0.0
59,27.8956996,-81.56539790464527,28.91939881770142
60,37.25229515,-121.94571392384154,10.41341996919558
61,39.10482185,-122.90645570108993,0.0
62,33.87739355,-84.02149045111923,0.0
63,33.6874797,-95.5482588837663,91.92112381212524
64,42.0393925,-88.1444996,1.722723568017175
65,25.845535650000002,-80.26862207729306,5.699172965227329
66,34.2197127,-118.4303012550379,15.60577835488804
67,39.7598802,-86.3366898,14.175370720852593
68,39.0103129,-85.64108477280786,37.74932090949686
69,38.1599796,-84.90717692161739,19.87739952269377
70,29.9877111,-95.5721577,8.850265324179476
71,42.5134264,-83.1916698,0.0
72,35.20963195,-80.82055883046371,1.720477143725158
73,29.5410711,-95.1262829,21.25718974725153
74,37.7790262,-122.419906,0.8100679765256572
75,26.2445263,-80.206436,0.0
76,42.2932925,-83.2119635,0.0
77,26.2445263,-80.206436,0.0
78,26.2627193,-98.19833934208879,1.6603639323098516
79,26.124855949999997,-80.25956941432699,0.0
80,27.432239850000002,-80.34552439338844,0.0
81,26.124855949999997,-80.25956941432699,0.0
82,42.5134264,-83.1916698,0.0
83,38.8108097,-94.5313502,0.0
84,33.4864304,-82.09452364191654,0.0
85,38.8108097,-94.5313502,0.0
86,33.4864304,-82.09452364191654,0.0
87,36.1580255,-115.1913903,2.414417810956609
88,37.4892356,-122.224375,18.06540503758277
89,39.046483,-94.590033,4.577192671309986
90,37.24006545,-121.80088258316484,12.921480103463926
91,31.34004855,-110.95960971473919,67.08043141636257
92,39.3298384,-76.6148459,3.893943529983944
93,29.174981600000002,-82.13607701728881,0.0
94,36.13445455,-115.13562809133165,0.0
95,37.698084449999996,-122.08927136875985,6.748901065659492
96,42.353434199999995,-83.05467013655965,0.0
97,35.19411785,-101.92672323489624,8.58373720439486
98,37.51171915,-120.83807733516551,20.009057679398996
99,45.53962305,-122.87690737649942,25.01248509863761
100,30.51299185,-98.30393937073691,25.26097040019832
101,32.933875150000006,-97.09405811661463,7.733221627799685
102,28.6495596,-81.5386693,15.96690839111147
103,36.21425155,-116.02477662635854,66.92612341749343
104,27.606654849999998,-99.4779249736694,157.811385986769
105,42.9366253,-87.85123574636903,8.824068610189135
106,35.5551414,-120.72005853153519,38.40669704778369
107,39.418213,-87.41023716785978,0.0
108,42.5134264,-83.1916698,0.0
109,43.49323755,-83.40819144195896,38.63945440958525
110,39.009935049999996,-94.55974787621142,0.0
111,39.6279879,-104.9110296,0.0
112,34.97545435,-80.52226811412388,34.400489606659896
113,42.5134264,-83.1916698,0.0
114,38.9415062,-119.749351,54.871382893555484
115,42.45657715,-83.20519346893326,2.3154035041635037
116,40.290214500000005,-87.29656860304492,43.42417604992283
117,38.22114315,-84.23762077630587,23.3528365812089
118,42.351745949999994,-83.05630275529361,0.0
119,38.613049849999996,-86.10694111783373,30.396920946064267
120,29.7205877,-98.06964272347676,38.24468137614665
121,42.5134264,-83.1916698,0.0
122,33.16003775,-96.63738999478933,8.957356756820252
123,32.7762719,-96.7968559,0.0
124,42.5134264,-83.1916698,0.0
125,37.6644732,-120.95839505468977,1.3984004793619862
126,42.681694,-83.148342,8.209099818467948
127,43.1696585,-101.73084165,96.80086916806798
128,39.2049661,-96.31874015999745,24.269431223917255
129,46.4805178,-90.1081069,62.515343062633846
130,36.1623886,-85.4997057,23.7593087546924
131,32.7896792,-96.7780312,0.15734908814469023
132,38.91001905,-94.65159693054947,0.0
133,33.93026625,-86.49386236657949,35.46399532704807
134,30.303563699999998,-97.70786379381362,3.68305742802663
135,42.5134264,-83.1916698,0.0
136,38.5246441,-118.624578,108.19463723969301
137,42.41907925,-83.18238206795442,0.0
138,38.350680600000004,-120.76467138798357,50.269509054011614
139,36.3897223,-86.43365026345566,23.81589217997045
140,39.418213,-87.41023716785978,0.0
141,42.3315509,-83.0466403,0.0
142,35.8329005,-86.072026446975,26.128227969829933
143,42.5134264,-83.1916698,0.0
144,36.0724883,-115.29537943163852,0.0
145,45.4616575,-98.47866567894687,0.8051065475539786
146,33.7440023,-90.7248187,169.74814033551735
147,27.661275449999998,-80.40031201031691,25.95041769213026
148,40.28902925,-75.9254708981362,77.6155548701865
149,39.49604415,-96.17117568764192,0.0
150,39.49604415,-96.17117568764192,0.0
151,39.49604415,-96.17117568764192,0.0
152,39.49604415,-96.17117568764192,0.0
153,41.773936000000006,-124.1941686131323,100.6343627330045
154,29.693377499999997,-95.40279261588742,0.0
155,42.5134264,-83.1916698,0.0
156,32.7762719,-96.7968559,0.0
157,42.5134264,-83.1916698,0.0
158,32.91214135,-96.77385308766483,0.0
159,32.7762719,-96.7968559,0.0
160,42.375209549999994,-71.10711344152975,3.3446941655113696
161,26.59785745,-80.09193191623936,0.0
162,41.82776137205279,-71.38801085879236,1.739776639922595
163,27.4821165,-82.62255125971575,0.0
164,30.334231,-97.970511,3.732271549703776
165,42.5134264,-83.1916698,0.0
166,42.235226,-83.2765142986782,0.0
167,26.1783285,-80.2851472,4.8344488539752675
168,34.71985739778079,-86.5794341714089,2.9200151011975946
169,36.002541,-115.120295,11.26575444687369
170,32.78861748993289,-96.77914546979866,0.06367927446829076
171,36.0325687,-86.7825235,0.0
172,43.565997499999995,-89.46453200849112,44.09107629128421
173,45.17572305,-89.681643303871,23.381866892534628
174,39.52549475,-119.79596072386752,8.637546041068791
175,42.5056224,-83.00425969212512,6.706934400341077
176,37.98274085,-121.80303745986697,4.241888186626058
177,30.40478005,-97.74332633750852,9.904111662754145
178,33.21853791517677,-96.70361440312303,8.957356756820252
179,30.2881412,-81.6011302447993,0.0
180,39.850476,-104.98039788235249,2.1571832346654967
181,30.307424400000002,-81.68996279928885,8.80873767684428
182,42.11713435,-83.21370178914478,0.0
183,43.7859747,-99.32514051933792,59.5795517036326
184,32.69218405,-97.1129428701784,0.20606097101881438
185,42.5134264,-83.1916698,0.0
186,45.89345885,-89.7021844536665,35.21427435798856
187,38.281978,-85.74935233823837,7.276850521606543
188,39.009935049999996,-94.55974787621142,0.0
189,34.038716300000004,-118.37480911030259,4.029386220450169
190,32.3537557,-89.6545171,55.631780648465615
191,37.78243075510204,-122.44580695918367,1.7801112610239687
192,26.683418500000002,-80.2526938023887,0.0
193,34.957024700000005,-81.05148294190016,0.16281700074294433
194,38.5599088,-76.59613838327532,53.39146850551628
195,35.227215,-87.3351863,30.437576919970777
196,38.3129762,-77.4863251,10.606671273115758
197,28.132964100000002,-82.7574993403646,0.0
198,47.500089474747476,-97.3179901010101,22.456099210424515
199,36.670858499999994,-80.92406191841765,35.06978313677718
200,43.6396315,-113.29517414137712,102.01140952793654
201,40.7204184,-99.1068048,2.5359660352236086
202,26.18658035,-98.22126016585716,0.0
203,35.3640747,-80.19445208690968,37.91844601077618
204,41.90153379768077,-87.68443162959132,5.35523348559458
205,37.70385535,-97.24589642491101,7.68202668750092
206,47.5314433,-92.54881268115574,24.075622723517867
207,32.753177,-97.3327459,2.2593769227735874
208,33.758702799999995,-78.81982846530013,0.0
209,27.4957453,-81.4410425,0.0
210,41.1380032,-81.83830724386183,18.657967164700622
211,27.693150199999998,-97.34493799204424,0.0
212,36.7295295,-119.70886126075588,0.0
213,42.535226248057484,-83.18252858666823,0.0
214,30.2881412,-81.6011302447993,0.0
215,32.870039201789474,-86.62176974210608,45.310407096605736
216,27.9477595,-82.458444,0.0
217,31.22425015,-82.34789554409258,0.0
218,31.5144776,-97.19942532215484,0.38367693020879196
219,37.36885985000001,-122.079862859814,8.043169408134828
220,42.8773437,-71.31653798339849,0.0
221,37.5385087,-77.43428,0.0
222,32.5320682,-82.95016704921808,0.0
223,32.5320682,-82.95016704921808,0.0
224,37.36213405,-121.84936853938501,0.0
225,36.0325687,-86.7825235,0.0
226,30.27715345,-97.73440380486116,1.1162860927210452
227,41.842448250000004,-71.3807298637231,1.739776639922595
228,45.1360465,-90.35669587212288,26.487612380579726
229,36.2771125,-87.065599,27.33053609497313
230,42.5134264,-83.1916698,0.0
231,42.5134264,-83.1916698,0.0
232,38.09924865,-122.56013488843266,10.507598221021022
233,33.772179449999996,-116.49529769683983,6.3398723536224075
234,29.0205548,-80.92197859360465,0.0
235,42.5134264,-83.1916698,0.0
236,34.5380281,-82.62820027792375,95.35936426222209
237,40.2101972,-77.0047276,31.819118456811598
238,32.38793087577623,-86.17603444768903,11.65995731962732
239,41.3046035,-72.93559409819855,23.089358068778036
240,38.1866079,-84.56064610476228,15.673180763078786
241,28.5753182,-81.3724209,3.736709252559484
242,38.328595525044754,-81.60443303308448,29.372943844368095
243,29.6196787,-95.6349463,12.713796463762183
244,42.620904162934885,-83.09141882905487,0.0
245,27.9477595,-82.458444,0.0
246,29.693377499999997,-95.40279261588742,0.0
247,27.8052244,-82.72641043233625,0.0
248,32.8275548,-97.21295946756663,0.0
249,42.5134264,-83.1916698,0.0
250,32.5715272,-89.1214478,45.65349790388179
251,39.6565349,-79.96234261690554,82.10824450038511
252,43.80332009999999,-83.03159166847732,45.935565766183416
253,46.88449025,-96.78624195106761,0.852076717359256
254,42.5134264,-83.1916698,0.0
255,42.41907925,-83.18238206795442,0.0
256,43.587469299999995,-83.86838489229855,1.8275211707511763
257,33.762858449999996,-84.37309675572769,5.734424187649571
258,38.4694359,-121.423679,9.058452311338053
259,44.7082673,-96.27872675279838,25.081863767577264
260,41.005358343611164,-80.63390217654576,30.08470393315327
261,42.59258185,-83.49828343007397,0.0
262,41.7673231,-71.3647759,6.985088195438211
263,44.52691005,-89.56706987549776,5.145351009932454
264,42.26496835,-71.79655403681465,10.967405867073012
265,39.0124756,-84.56669980085661,7.920381735459578
266,27.9477595,-82.458444,0.0
267,42.393267949999995,-71.19024470958927,7.133731405184256
268,37.540257499999996,-77.43006310233004,0.42019904196194885
269,41.1136011,-73.4224902,19.213183607831855
270,39.213768620689656,-84.48154881034483,23.52931052022046
271,41.078602270640694,-81.49842600378967,2.297219582210273
272,42.3315509,-83.0466403,0.0
273,42.8773437,-71.31653798339849,0.0
274,31.7754152,-106.464634,0.0
275,41.31947325,-96.0212817,8.919907048976322
276,41.7410816,-72.1981721,23.84366774575327
277,42.9915655,-97.86734964844862,20.824092796483672
278,32.90193547440741,-96.95897450731375,0.0
279,30.4595946,-84.23709018275993,1.9177002198611854
280,38.681583,-121.15817511838911,10.76306659861802
281,42.4890091,-83.5218583,11.667098033783265
282,26.261290199999998,-98.18179392709115,0.0
283,36.2993702,-95.83498998736926,21.632724723838425
284,26.82935415,-80.0861832770484,7.501326661799604
285,42.620904162934885,-83.09141882905487,0.0
286,42.5177306076818,-83.18839375427606,0.0
287,29.34443675,-98.43830989800655,11.15084477475019
288,38.74651305,-121.25007754766285,2.188251840834394
289,42.383509849999996,-82.91382827966505,0.0
290,30.3935337,-86.4957834,13.73475946899163
291,42.79634965,-96.1547272732416,30.092336758011918
292,45.53579595,-122.55671526288336,11.594425341222603
293,19.1993341,-155.47204240353932,58.75343185521784
294,35.28422475,-93.14909972264508,89.11797564196686
295,48.277457600000005,-116.54987241174877,50.129614520448214
296,43.41591461420486,-95.12330007930095,23.47318003003332
297,46.80749415,-100.78233460544614,8.459594483021577
298,44.447763699999996,-95.7773492508064,44.17397410126341
299,46.3619024,-94.20565185324152,105.37104706201497
300,42.307834400000004,-85.55984012117909,17.3121640148297
301,35.36769333126837,-119.05896156967093,119.68275946277186
302,43.5342315,-96.7144487,2.3222380760910726
303,28.132964100000002,-82.7574993403646,0.0
304,39.95903765,-86.16027634858844,0.3609601350247896
305,25.8862447,-80.3272825,7.410108219533291
306,33.8031957,-118.0833872,6.094636243494423
307,41.6612104,-72.7795419,13.084345424798219
308,42.5134264,-83.1916698,0.0
309,46.554156,-87.40047205297702,22.44757321560563
310,39.7683331,-86.1583502,1.9010428059236508
311,29.9265299,-95.63106352756031,0.0
312,46.2343574,-119.0941664,0.0
313,46.17792135,-119.1919430166213,5.966428684749146
314,42.5134264,-83.1916698,0.0
315,38.9369489,-94.72593315874786,0.0
316,42.59258185,-83.49828343007397,0.0
317,29.52692585989048,-98.58337856216772,1.7836960209962989
318,36.700645,-95.6380341,27.02804938789691
319,39.5412265,-119.6975673,8.637546041068791
320,38.8611619,-86.4872149,1.1302220183886718
321,45.219131,-96.635617,42.04798935092795
322,39.443930300000005,-83.83926464551001,60.991032099220114
323,41.40521795,-73.44515867833094,32.442322223687796
324,30.22588655,-97.76635608488331,5.468911492170663
325,27.9477595,-82.458444,0.0
326,39.3533665,-76.6643068,0.12600101212410653
327,35.88155725,-106.31918573828197,83.7844844262054
328,44.6204697,-91.96096219679674,0.0
329,36.0325687,-86.7825235,0.0
330,34.782439534571715,-84.78385042230165,0.2669052551338538
331,27.9477595,-82.458444,0.0
332,40.68617965,-111.8569861055295,8.497741223146974
333,29.1871986,-82.1400923,1.3121717242907083
334,42.36127472780725,-83.29012274770173,9.736648047501495
335,37.8205823,-122.2664037,0.20913045485018913
336,44.05126385,-96.59152548341899,22.58682718405025
337,44.38212885,-89.8284511906669,26.298749162201663
338,32.22691825,-110.855436239915,4.081039997126298
339,30.4110476,-90.08036087403406,0.0
340,30.4110476,-90.08036087403406,0.0
341,42.2728924,-83.36539705276817,0.0
342,42.33032115,-72.65330802608176,24.506733300534634
343,36.9574581,-86.44638009808816,1.1757029098433907
344,35.20374595,-80.83931376395819,0.18470715139831823
345,42.520149950000004,-85.8562009402024,18.48959317129834
346,25.91724635,-97.5101547532971,6.140021831565625
347,43.186589600000005,-95.84651558736674,24.829060427767654
348,34.1725361,-118.5898098,4.931564156614053
349,42.5134264,-83.1916698,0.0
350,29.72345775,-95.3870177461601,1.5533034862664583
351,43.3187236,-88.36252052962536,30.14944296926573
352,41.49691085,-71.30599900885085,30.430360079481332
353,36.987220487889154,-121.97827653824129,0.0
354,42.383509849999996,-82.91382827966505,0.0
355,27.92543015,-82.79730235901744,1.2881769919847388
356,42.620904162934885,-83.09141882905487,0.0
357,42.235226,-83.2765142986782,0.0
358,42.30247465206445,-83.19562346343653,1.6899452921962812
359,33.1838787,-97.1413417,6.048040369686632
360,39.907997,-86.196077,0.8917921895774509
361,34.2006503,-86.1663655,27.99001602594556
362,28.07107475,-82.42374939767217,0.0
363,41.7693747,-111.8046654,62.30432474427242
364,33.9049907,-117.46926419076487,9.889776338972228
365,43.2601632,-87.92916629597434,7.301784752167621
366,40.73458895,-86.77775296716351,37.157239624666836
367,42.5134264,-83.1916698,0.0
368,29.9558617,-90.07629324778735,0.0
369,29.9558617,-90.07629324778735,0.0
370,39.94527035,-76.7182406863968,2.120889085053856
371,34.502587,-84.9510542,0.0
372,27.9477595,-82.458444,0.0
373,42.59258185,-83.49828343007397,0.0
374,38.27993925,-95.25097200335571,85.75818757147918
375,42.58781234999999,-82.89800797208932,12.630199773125414
376,36.1672559,-115.148516,0.0
377,42.5134264,-83.1916698,0.0
378,36.061831999999995,-79.50137695116723,25.748940376114124
379,33.63939105,-111.99750968785605,13.145014663819374
380,33.65459025,-112.20112892372751,5.159175564110929
381,43.07824535,-98.30185665,36.696008837478786
382,46.1188764,-92.88509279176624,38.48065894106319
383,43.067219699999995,-96.15773506319849,18.186313382523213
384,43.624694149999996,-95.00435777136813,25.110360282028726
385,26.4398223,-80.0799367,8.994683553185995
386,26.59785745,-80.09193191623936,0.0
387,35.4900947,-81.2030763568529,30.032963863309295
388,30.4542206,-86.63361444892132,0.0
389,42.5134264,-83.1916698,0.0
390,47.23895805,-88.44336390792162,15.482983227006011
391,42.535226248057484,-83.18252858666823,0.0
392,41.0163187,-73.6466607,21.719676714971857
393,40.40068445,-86.80628292581096,28.950612225373362
394,27.9477595,-82.458444,0.0
395,39.6279879,-104.9110296,0.0
396,42.2850066,-71.41911943738873,6.938933622034391
397,35.30283665,-81.53656502540795,36.735294330952684
398,42.2901126,-83.21473655701938,0.0
399,42.44512185000001,-83.32459688432317,0.0
400,33.97625744897959,-117.37838057142856,0.0
401,25.966115,-97.539069,0.0
402,42.5134264,-83.1916698,0.0
403,39.4521401,-75.6805042,54.04931475192628
404,47.1397518,-88.5867454428902,15.482983227006011
405,32.29108185,-106.73704022493928,61.906195082652765
406,43.0494541,-72.6679811750772,30.963629939020983
407,38.91001905,-94.65159693054947,0.0
408,42.5134264,-83.1916698,0.0
409,33.0439834,-97.00443992528821,14.808105822500666
410,27.9477595,-82.458444,0.0
411,42.5134264,-83.1916698,0.0
412,26.1223084,-80.1433786,11.456700228079978
413,33.48036602140611,-112.04051169841783,7.5760005412564695
414,32.8275548,-97.21295946756663,0.0
415,35.190801,-80.803623,2.596782521642367
416,30.020676199999997,-95.44266919238791,13.016802338849372
417,34.9681767,-80.07674,40.69336350373828
418,32.4273249,-96.85802214732198,24.129018836920164
419,41.787037049999995,-88.32472868114931,23.16298583110455
420,47.40363142857142,-97.05636328571428,22.456099210424515
421,41.805683,-87.92130925685609,2.8659469532853223
422,36.40848405,-78.98524838272327,60.268686744733124
423,41.734667,-70.468567,30.966658775044614
424,42.5316918,-83.7846458,22.111615995115248
425,29.044208349999998,-81.31761684532522,0.0
426,30.5625344,-97.6852182659996,3.340213621010726
427,42.00500715,-88.0160185526135,0.32801319278924435
428,37.76857,-122.43564175,1.7801112610239687
429,39.001229800000004,-79.13714453664963,73.82726429022188
430,42.41907925,-83.18238206795442,0.0
431,33.873390150000006,-117.56923537148273,9.889776338972228
432,43.32587975,-87.92785280033061,7.301784752167621
433,30.5955289,-96.3071042,34.152319842821186
434,40.65973183673469,-74.21448687755102,9.186929103178752
435,39.012570777777775,-94.55996891111111,0.2932327661724726
436,32.7762719,-96.7968559,0.0
437,42.5134264,-83.1916698,0.0
438,27.301079350000002,-82.44263829118822,1.0919309141349447
439,27.5394499,-81.8073391,0.0
440,43.23016935,-99.43606362497376,51.61697740182163
441,28.815170950000002,-81.28371525606829,0.0
442,44.02755895,-88.59556427523286,1.6594936908308746
443,30.4768751,-87.2116442,4.46732421083036
444,31.7754152,-106.464634,0.0
445,27.3923408,-80.8873655,0.0
446,27.3923408,-80.8873655,0.0
447,34.206534838188354,-118.88260661109992,0.0
448,41.450417200000004,-81.8240926911522,10.597378820267986
449,32.7762719,-96.7968559,0.0
450,35.16037998644137,-106.59314435844027,83.7844844262054
451,43.19654891162641,-71.5629396170053,40.75192646446753
452,42.2728924,-83.36539705276817,0.0
453,47.34375095,-93.79120839407389,85.4621901632257
454,43.0614853,-87.8807149,0.0
455,38.885684,-94.24562,7.820946269007518
456,42.985754150000005,-87.93621578144732,1.2363011350068904
457,42.235226,-83.2765142986782,0.0
458,46.4169158,-117.02438354954182,0.3657475419373477
459,32.227313249999995,-111.00016597023536,2.43672531356737
460,27.30172495,-82.45364543448747,0.0
461,42.570013849999995,-87.93548454019276,20.472994253073495
462,40.19752030201342,-85.41412138255033,25.331100375683903
463,42.36286045,-71.06875296664998,0.11620896180282514
464,42.46599125,-97.91778190191235,16.13128816267826
465,41.4496721,-81.493169,8.943215475837412
466,42.41907925,-83.18238206795442,0.0
467,42.353434199999995,-83.05467013655965,0.0
468,28.6004289,-81.3278031,5.176403723302283
469,45.4649805,-98.487813,0.8051065475539786
470,25.5747,-80.3410287057593,20.585735368914925
471,40.7405364,-74.19117585283874,9.186929103178752
472,47.6051575,-122.3240344,0.2751578849859495
473,37.5711611,-77.4809363,5.4890143012770025
474,33.5585562,-117.18338710854287,6.266977500354262
475,29.0205548,-80.92197859360465,0.0
476,46.7729322,-92.1251218,0.0
477,29.512117222222223,-98.57617883838384,1.7836960209962989
478,42.3017598,-71.12855793387442,4.200155047157129
479,30.49868225,-99.78061638325434,0.0
480,30.591235400000002,-97.41495554536058,22.78050716280178
481,29.7287812,-95.59442785453334,12.713796463762183
482,42.235226,-83.2765142986782,0.0
483,28.361202300000002,-82.68800984584342,0.0
484,29.7589382,-95.3676974,0.0
485,38.2177284,-77.49602472296269,10.606671273115758
486,42.41907925,-83.18238206795442,0.0
487,42.3586393,-97.78580392510153,16.13128816267826
488,27.9477595,-82.458444,0.0
489,32.8923464,-96.4066987,9.940620023830055
490,39.8695516,-104.985181,2.1571832346654967
491,33.770859,-116.42687402345575,6.3398723536224075
492,27.9477595,-82.458444,0.0
493,43.00089305,-88.02440550210889,6.150276116353842
494,25.96999245,-80.1450406167155,0.0
495,25.96999245,-80.1450406167155,0.0
496,30.18373655,-82.68776989279834,0.0
497,44.24835105,-88.40269876481776,28.983836508003844
498,42.5134264,-83.1916698,0.0
499,37.2546151840918,-81.23373841949886,16.99228436500351
500,34.502587,-84.9510542,0.0
501,41.798006,-87.888386,2.8659469532853223
502,36.0325687,-86.7825235,0.0
503,38.4716175,-122.725982,3.4088332008764137
504,35.3854052,-83.20260901520544,22.669066845596785
505,47.0524331,-122.84742616093334,8.022611042078767
506,36.3537734,-79.66747489409163,32.18386791120494
507,39.6046965,-110.83276172538345,140.39840672862056
508,38.04620705,-84.54164005569731,15.673180763078786
509,41.1670412,-73.2048348,4.170920060849032
510,35.832752,-90.69304155,106.54713527515528
511,42.421115099999994,-123.34282042890953,43.73009411910036
512,33.59148725,-117.23823861780441,6.266977500354262
513,32.7479923,-97.78575715481713,0.0
514,36.21563985,-115.24913559001897,0.0
515,26.98878335,-82.09866797143651,0.0
516,36.16388177087408,-115.16554763075071,1.5774921459647282
517,42.44512185000001,-83.32459688432317,0.0
518,30.18373655,-82.68776989279834,0.0
519,42.5134264,-83.1916698,0.0
520,43.073545,-87.976259,5.221192005109992
521,28.01221485,-82.50384453695855,5.345780364002913
522,37.9657196,-87.50416259718992,9.023444877402227
523,34.573669550000005,-92.58602121888538,42.41168937053653
524,37.937333800000005,-122.36096914396771,12.862683215154856
525,37.5385087,-77.43428,0.0
526,33.4645229,-86.7743504,0.0
527,36.0727561,-115.03000094720215,9.665794162686574
528,40.8082764,-96.62682807829415,6.8304930926405305
529,43.427195,-96.17586,26.461489641960576
530,34.01457815,-81.0132454430109,2.079074871380963
531,30.7331706,-98.2361172477458,25.26097040019832
532,37.5385087,-77.43428,0.0
533,43.29683245,-70.95991279823082,0.0
534,43.29683245,-70.95991279823082,0.0
535,27.30172495,-82.45364543448747,0.0
536,42.5134264,-83.1916698,0.0
537,32.3698251,-88.69675050000001,0.11351827594921896
538,45.0129432,-99.94757432003907,54.07089694151885
539,20.830544099999997,-156.9029492509114,30.84157691833194
540,25.7411276,-80.2142781767664,0.0
541,42.054004899999995,-88.13752470983059,1.722723568017175
542,32.79141215,-117.09498300667414,76.49535024329646
543,31.1185285,-97.39746322916666,5.595906337234434
544,33.46239955,-112.35290245731325,21.34746027691724
545,26.261290199999998,-98.18179392709115,0.0
546,44.79036925,-69.37107115517092,36.054368086786695
547,44.506006,-96.418959,25.081863767577264
548,41.02938435,-92.3894277353023,122.51299021557912
549,38.685614,-85.7702451,30.396920946064267
550,39.573612489932884,-104.99974522147652,9.721462418514305
551,29.174981600000002,-82.13607701728881,0.0
552,41.46108435,-70.5401845263346,30.966658775044614
553,41.597826100000006,-81.54986093090275,12.255616704806807
554,42.778049949999996,-96.91923975,41.35816247596955
555,40.613474,-111.8256464,0.0
556,36.21563985,-115.24913559001897,0.0
557,28.5338357,-82.477773,0.0
558,28.5338357,-82.477773,0.0
559,43.4906464,-96.78044358326602,5.8199666749324965
560,40.7082656,-99.08139508657356,2.5359660352236086
561,39.6279879,-104.9110296,0.0
562,26.18658035,-98.22126016585716,0.0
563,36.0325687,-86.7825235,0.0
564,44.411600750000005,-68.58739502487254,20.251286212541928
565,33.433370249999996,-86.71804887123079,6.2722512761869575
566,40.613474,-111.8256464,0.0
567,43.0345921,-108.41885816937376,34.58603777267121
568,30.48283413983762,-97.69316423328503,8.519593324716169
569,42.5134264,-83.1916698,0.0
570,45.772031049999995,-99.62311490186782,35.53587440219019
571,32.78811775167785,-96.77948025503356,0.06367927446829076
572,46.67435485,-67.99870162015863,183.89105307660734
573,33.79033114534197,-84.30373432932677,1.7112127152365306
574,30.2542194,-81.58169746509087,4.199711448935999
575,33.31420850000001,-96.97563229497024,15.427887914654237
576,31.5545973,-110.2997756,67.08043141636257
577,41.9834175,-86.1155379942953,58.38239678500397
578,38.94503815,-121.10093116567297,23.664409871063437
579,42.5134264,-83.1916698,0.0
580,30.3118769,-95.4560512,3.2704002266458962
581,40.84141464285714,-73.94033185714285,23.9524790548091
582,38.00466675,-122.5551133569173,5.8491740416256714
583,32.91770795,-96.50861293006929,9.940620023830055
584,33.3791318,-111.7761272,24.356311013330384
585,41.1894342,-73.1649291,4.170920060849032
586,43.0624982,-83.32145617086229,29.286569091664113
587,38.04218065,-87.26285855,16.42756644198469
588,39.161316455424355,-86.53979814738427,31.642635591509173
589,36.96477445,-86.43683220506287,1.1757029098433907
590,33.0214002,-96.76653526891775,0.0
591,27.782709,-82.6999409,0.0
592,27.782709,-82.6999409,0.0
593,42.5134264,-83.1916698,0.0
594,33.50468945,-86.80563664212131,1.7986410855307455
595,42.351745949999994,-83.05630275529361,0.0
596,41.1359335,-96.0401953408132,10.224146473813654
597,42.5177306076818,-83.18839375427606,0.0
598,46.877229,-96.789821,0.0
599,42.4941375,-83.08774580503729,0.5050919080632439
600,39.2890051,-76.64941352432606,2.6154421143440523
601,30.30598225,-97.74845783954139,0.24615795172320723
602,35.722562,-77.918799,118.3058179668975
603,42.46352265,-71.161925472006,8.144542486467707
604,28.34799385,-82.1997464313735,0.0
605,42.5134264,-83.1916698,0.0
606,42.26082087175313,-88.99957299291702,31.931786790093952
607,36.75067213240348,-95.93414545466958,27.02804938789691
608,42.5134264,-83.1916698,0.0
609,34.104561700000005,-80.95867125995511,10.701711775311692
610,33.9211166,-118.291556,15.11985605801526
611,39.1320368,-121.6133067,48.97831246027781
612,28.54067415,-81.2810970584744,8.046112843171707
613,36.090615799999995,-115.24064486733604,5.324529984985519
614,45.19890235,-123.16512037734205,44.08749292164475
615,36.0724883,-115.29537943163852,0.0
616,42.5134264,-83.1916698,0.0
617,35.3054037,-80.74688649265258,12.5637149194784
618,42.5134264,-83.1916698,0.0
619,46.4195913,-117.0216144,0.3657475419373477
620,28.261380099999997,-82.1860421035091,0.0
621,43.3845441,-98.83600883622462,51.61697740182163
622,43.63599765399802,-116.67313331209589,2.6173371909257
623,42.49829336555568,-83.08525271829038,0.5050919080632439
624,26.18382435,-98.21813808829366,0.4366100815357128
625,42.353434199999995,-83.05467013655965,0.0
626,46.6471877,-89.3293792,62.515343062633846
627,26.0804029,-80.3642339,11.570154497516492
628,42.20575985,-122.72492065112064,15.208634757398352
629,30.4393696,-97.6200043,8.519593324716169
630,40.2699147,-86.51154037662499,28.950612225373362
631,30.0874612,-95.62323663483922,12.105436826021322
632,42.44971,-83.348821,2.057004822270634
633,42.28015725,-71.33524787035988,6.938933622034391
634,38.76621635,-121.24932727151528,2.188251840834394
635,45.639848,-89.37556699473751,32.74215692650634
636,43.3995851,-97.9914836537544,35.04723782529237
637,29.673045600000002,-97.65468238146342,40.50339782537669
638,41.4117864,-87.3264271,55.958960423520494
639,34.0722265,-117.43345301493153,11.797921235259322
640,41.2230048,-111.9738429,60.422418385916544
641,41.5184515,-81.4374833,8.943215475837412
642,27.9477595,-82.458444,0.0
643,40.5364566,-80.1845031,19.555497039767605
644,32.2228765,-110.9748477,2.43672531356737
645,21.089891,-157.0111876271699,30.84157691833194
646,38.12641065,-122.24779446374484,0.976676065764005
647,48.6742072,-102.08453795,76.34832893514873
648,38.13114005,-122.23840108472527,0.0
649,39.7808505,-86.1734898,1.0446024395975129
650,30.18664065,-85.66519682173211,0.0
651,26.12744855,-80.25779068328761,0.33785923719855715
652,26.2120614,-80.25446565918011,0.0
653,26.2120614,-80.25446565918011,0.0
654,38.024734,-78.5253784,92.76833589719037
655,33.0183015,-96.7483283886503,1.7354766419819838
656,33.4974069,-86.84793758297522,4.012798045887004
657,33.8525419,-117.84445930743246,3.774831226586523
658,30.5233155,-97.81974995,12.953934491494747
659,29.572436602134175,-95.3906952187707,1.1268049002942275
660,30.0787601,-97.82245,8.252983792821793
661,38.90339525,-94.66968090917021,1.7324075875533724
662,37.6981691,-97.33271175285373,7.68202668750092
663,30.14522925,-96.3995587085685,27.061736620401682
664,36.11328880000001,-115.12500322597506,2.5358768462002748
665,43.826084,-96.706161,26.659162965158714
666,42.44512185000001,-83.32459688432317,0.0
667,29.3933371,-94.98654539799497,21.25718974725153
668,43.321845,-89.03514400066005,30.629775951317725
669,37.1819797,-77.3635092,40.062772398294804
670,45.5059684,-91.75863750642006,51.026262232709904
671,42.5134264,-83.1916698,0.0
672,42.44713295,-85.65411490356539,17.3121640148297
673,32.91214135,-96.77385308766483,0.0
674,42.41907925,-83.18238206795442,0.0
675,30.00361,-97.134918,25.11855096073213
676,38.77141195,-75.14388955257427,48.43430518255128
677,27.4989278,-82.5748194,0.0
678,33.641305900000006,-86.65776258376242,18.95721620097428
679,46.4543725,-92.761976,38.48065894106319
680,42.9275277,-83.6299518,12.732428673148139
681,39.787131224242096,-86.16441054898145,1.0446024395975129
682,42.5134264,-83.1916698,0.0
683,36.0325687,-86.7825235,0.0
684,42.5134264,-83.1916698,0.0
685,27.7143394,-82.365436795336,0.0
686,27.7143394,-82.365436795336,0.0
687,41.74026055,-70.9450945705336,35.033777009939925
688,38.369780625,-75.5474024375,29.657645075368436
689,38.828729775510205,-104.79148548979592,84.63038716168141
690,20.70115145,-156.35707015378676,24.562554532041688
691,31.7621153,-95.6307891,81.11456771371377
692,30.305094150000002,-97.7461123396568,0.24615795172320723
693,26.175246350000002,-97.67025574917116,26.62935125062512
694,41.68143085,-88.08464608976996,17.63427451048759
695,41.2312682,-96.18320476393285,12.782518665569755
696,35.8607444,-86.42436336978197,31.97888336978926
697,30.49868225,-99.78061638325434,0.0
698,30.49868225,-99.78061638325434,0.0
699,34.0066359,-85.9724103,0.5778014464605288
700,34.912470299999995,-114.60525534412145,119.01564295129148
701,41.0359556,-82.01470516538178,18.657967164700622
702,29.7106109,-95.39342919183,0.8290063339230527
703,37.5385087,-77.43428,0.0
704,29.9265299,-95.63106352756031,0.0
705,42.11713435,-83.21370178914478,0.0
706,34.3740431,-80.0734005,35.28804045072069
707,28.2918995,-81.4075838,0.0
708,61.21045645,-149.8286313242076,0.0
709,29.6611946,-82.41084630096364,0.0
710,40.4416941,-79.9900861,19.555497039767605
711,38.4222995,-83.7338076,25.063839272903007
712,33.89715365,-117.18674609770208,19.770893420104066
713,42.5134264,-83.1916698,0.0
714,33.758702799999995,-78.81982846530013,0.0
715,27.9477595,-82.458444,0.0
716,40.613474,-111.8256464,0.0
717,40.65813745,-78.70525910701878,31.945131681999836
718,37.665562800000004,-120.99737101871051,2.1430786272185696
719,33.8503463,-118.1171914,6.094636243494423
720,26.76166665,-80.0877071660777,2.669100302819284
721,36.13445455,-115.13562809133165,0.0
722,34.9578514958562,-81.05295576930389,0.16281700074294433
723,36.9546656,-81.09693440369114,35.06978313677718
724,41.4554094,-97.060116,77.50107907491355
725,42.5134264,-83.1916698,0.0
726,43.978576,-90.5040214,64.87967373013004
727,42.3315509,-83.0466403,0.0
728,44.01300775,-88.6002276659435,1.6594936908308746
729,34.202528349999994,-118.62930074661364,0.0
730,42.59258185,-83.49828343007397,0.0
731,32.0895908,-88.2219652,48.08803316570257
732,28.0399764,-82.4593881,4.914574106483927
733,32.7479923,-97.78575715481713,0.0
734,44.2752455,-83.50968348390987,49.167960957938995
735,44.6204697,-91.96096219679674,0.0
736,33.2087671,-97.0836297,6.048040369686632
737,41.48698695,-81.70692009105812,7.0577239523061746
738,42.5134264,-83.1916698,0.0
739,26.98878335,-82.09866797143651,0.0
740,36.550238,-82.5594293,90.78408736149315
741,34.0668824,-84.1761616011226,25.41832940516064
742,44.870828,-98.521926,53.90468365057469
743,32.5178284,-87.8368201,59.756591328414736
744,46.6969123,-92.1018879684845,8.635363942608826
745,26.3586885,-80.0830984,8.994683553185995
746,20.2321436,-155.79689778607877,27.08479590967466
747,37.335906550000004,-121.9990092,8.043169408134828
748,38.0551627,-84.72341407299488,15.985599174814652
749,27.914856108776462,-82.8027381168004,0.0
750,27.914856108776462,-82.8027381168004,0.0
751,42.41907925,-83.18238206795442,0.0
752,36.1355907,-95.9654966,16.19001639599765
753,37.696194874999996,-120.97591937499999,3.07317323279779
754,32.5631924,-97.1416768,13.208678048919806
755,27.4651344,-81.43288008759623,0.0
756,42.4733689,-83.2218731,2.3154035041635037
757,44.498273749999996,-89.516218075,5.145351009932454
758,39.90208375510204,-86.20313453061225,0.8917921895774509
759,32.8466491,-83.61896408804029,71.76880236090152
760,32.8949942,-97.2718269,5.703372114965336
761,34.195994,-79.755799,35.28804045072069
762,29.433092959183675,-98.49260089795919,11.15084477475019
763,42.0353849,-88.32583817601395,15.021835082908627
764,29.242585599999998,-81.10780386110477,30.004339005580086
765,45.43149725,-122.55981911741887,11.594425341222603
766,43.0031041,-114.8286924,103.38888160949564
767,39.006500737373734,-84.65782228282828,7.920381735459578
768,29.5793743,-95.3991952,1.1268049002942275
769,42.8416588,-106.23092410842436,179.86144983010738
770,42.5134264,-83.1916698,0.0
771,40.16897075,-84.9690476082717,30.203389524841658
772,38.92891865,-94.65133750090448,2.09823978148527
773,32.7882306,-96.7811018,0.152414343790515
774,27.937802750000003,-82.48940571932953,0.0
775,27.937802750000003,-82.48940571932953,0.0
776,29.0205548,-80.92197859360465,0.0
777,32.747893,-96.4719289,17.14508344331307
778,31.317262801635195,-92.45202546026977,0.3758555197838624
779,35.9674334,-114.84270393026887,20.53324518075074
780,45.65717965,-97.04991220245037,49.07174585013461
781,45.372746649999996,-84.97023048204873,167.9762603342053
782,38.64024635,-83.80889753648785,25.063839272903007
783,42.41907925,-83.18238206795442,0.0
784,42.4894801,-83.1446485,0.0
785,39.3575548,-76.58584727178213,3.964590829370848
786,42.5134264,-83.1916698,0.0
787,40.498250575757574,-78.39160606060607,17.70123906619327
788,41.196107,-95.947994,8.474653006699787
789,30.56712315,-97.650807047541,3.340213621010726
790,42.0247437,-87.68338109068567,10.71907413157735
791,32.817064,-79.852188,0.41160426365384356
792,44.82043075,-68.76369117536508,1.6599476254910754
793,32.9513204,-87.14820513875142,44.89088145653318
794,27.9477595,-82.458444,0.0
795,32.7762719,-96.7968559,0.0
796,34.7801792,-84.78285142858465,0.0
797,45.789065,-97.747749,52.94737953181764
798,30.2711286,-97.7436995,1.1162860927210452
799,37.78603245,-122.42248179323714,0.0
800,35.469096449999995,-79.1868840337793,71.65234147913219
801,33.5832535,-111.87276446781371,13.145014663819374
802,32.319762,-86.281938,0.9890364173654097
803,40.8604053,-77.7580912,66.97626399481291
804,43.0138518,-83.73261753291786,12.732428673148139
805,43.12440244820602,-77.62305522187745,1.8392333565673669
806,42.00255775509297,-88.01823029690532,0.32801319278924435
807,32.97603015,-80.07314591743759,27.051429401985356
808,32.030635000000004,-88.72647544908241,37.717173188093106
809,28.1444232,-81.47641071511802,0.0
810,28.1444232,-81.47641071511802,0.0
811,32.7762719,-96.7968559,0.0
812,30.47617245,-84.23138685402378,0.0
813,30.47617245,-84.23138685402378,0.0
814,31.298765,-86.255247,21.65191283135911
815,28.132964100000002,-82.7574993403646,0.0
816,39.9261765,-76.7189365,2.120889085053856
817,42.41907925,-83.18238206795442,0.0
818,36.082474,-79.823317,0.47668707388233555
819,46.826415,-100.889704,8.459594483021577
820,26.72499255,-80.05156684186962,3.3114524221060178
821,38.9369489,-94.72593315874786,0.0
822,42.5134264,-83.1916698,0.0
823,38.545379,-121.744583,24.218252689572264
824,39.5288684,-87.11129780414319,28.505799903633235
825,32.37008742857142,-88.69791642857143,0.11351827594921896
826,31.218688285088497,-85.36543453906859,85.21411461298824
827,28.7099337,-100.493813,157.811385986769
828,42.31801955,-122.83044652500001,15.208634757398352
829,32.0283088,-81.08860897764168,0.0
830,40.821431671407666,-115.72992660631667,104.02182718697868
831,41.12100695,-87.87180942100551,50.18547999641717
832,42.8733354,-97.4081743,39.717131407136264
833,27.9477595,-82.458444,0.0
834,40.613474,-111.8256464,0.0
835,47.649378,-122.3077192,4.816696619317896
836,27.693150199999998,-97.34493799204424,0.0
837,42.3778749,-71.0619957,1.758233920695212
838,40.485335000000006,-86.15709049576701,25.640490118759516
839,42.41907925,-83.18238206795442,0.0
840,39.44505255,-75.05264940321544,54.04931475192628
841,37.5695246,-85.26163149148414,56.41512313680677
842,43.399136,-95.75196,24.829060427767654
843,19.71850165,-155.112381508231,54.49346412989747
844,40.3058405,-78.9182439489216,43.08752597381769
845,36.15383885,-86.80245711812793,0.253022923115479
846,44.081118849999996,-98.56372522429518,59.54035615146108
847,29.99719815,-90.18701466712237,11.626654423491301
848,29.7589382,-95.3676974,0.0
849,45.74881875,-120.90589581434378,130.85657168539322
850,42.335679999999996,-71.1060436296658,0.0
851,35.20289,-80.837574,0.18470715139831823
852,32.4709761,-85.0007653,11.042517784831707
853,39.989241199999995,-85.91652482483488,1.0976646797033922
854,21.364584085750025,-157.90302521668835,8.048240347528717
855,25.7741728,-80.19362,0.0
856,43.65339635,-116.69500336078701,0.0
857,42.46087255,-98.65044451666002,60.26171846540717
858,28.185724999999998,-82.66114095772059,0.0
859,28.185724999999998,-82.66114095772059,0.0
860,39.35685855,-76.78308166878239,10.148221462373348
861,31.549333,-97.1466695,6.327589575998483
862,36.7591513,-88.6513557061248,151.772592071658
863,30.4438905,-84.339218,9.962296653120653
864,31.5111128,-97.19848272726996,0.38367693020879196
865,42.2932925,-83.2119635,0.0
866,35.3236458,-84.5248279,14.94515338666657
867,41.934547699999996,-87.63738486881796,5.35523348559458
868,27.432239850000002,-80.34552439338844,0.0
869,42.2901126,-83.21473655701938,0.0
870,42.11713435,-83.21370178914478,0.0
871,42.353434199999995,-83.05467013655965,0.0
872,43.3041397,-96.5572579,24.91947874554641
873,44.8084356,-68.75118548208786,1.6599476254910754
874,42.54820975,-89.00841689964749,31.931786790093952
875,42.620904162934885,-83.09141882905487,0.0
876,46.1988643,-119.12078302043528,4.44780047489931
877,30.0497077,-95.1846301,10.919814439220959
878,39.42642215,-86.40511440938815,31.642635591509173
879,27.4989278,-82.5748194,0.0
880,43.2024225,-96.2837547905274,18.186313382523213
881,37.7476211,-122.4203753,1.601119097231216
882,44.546490399999996,-68.41622884991645,20.251286212541928
883,43.9998607,-73.16842298543847,54.47288691424614
884,36.7295295,-119.70886126075588,0.0
885,37.70628135,-121.05240988589914,6.632742504920398
886,38.494594,-122.75190236949636,3.4088332008764137
887,40.6418373,-116.938478,75.96549214969086
888,31.73216705,-106.30301628849915,7.4172818185600535
889,29.175423000000002,-82.138702825,0.2600664958215905
890,44.03986105,-101.67180152480259,96.80086916806798
891,37.84613475,-81.99421623486195,27.7873645311133
892,41.55667045,-83.68200211927675,73.40413663950073
893,31.072526500000002,-98.18637677513918,36.93904557985365
894,38.903140300000004,-94.33295856993506,5.953687675751029
895,30.0065241613455,-96.6305364331923,27.061736620401682
896,38.047592300000005,-81.80653541485549,27.7873645311133
897,61.5627638,-149.2578912431361,49.717658502951195
898,35.2072185,-101.8338246,0.0
899,34.7801792,-84.78285142858465,0.0
900,28.8339686,-82.3356094059441,0.0
901,28.8339686,-82.3356094059441,0.0
902,41.9149461,-88.05713494713203,10.251831793901447
903,37.9519958,-122.5572116,5.8491740416256714
904,27.4989278,-82.5748194,0.0
905,39.201342749999995,-96.59966896097194,24.269431223917255
906,42.78149235,-112.84852615958908,70.25699500936865
907,37.8227551,-112.435763,241.9979390972456
908,36.8398805,-119.76040065102595,13.081681255324145
909,37.16173895,-83.76224548894476,0.0
910,42.134125964440834,-80.0853621379158,116.79331036301984
911,38.13114005,-122.23840108472527,0.0
912,36.1672559,-115.148516,0.0
913,29.62092627893395,-98.49344320110434,12.910262747560273
914,46.28358419680771,-119.28129840639325,13.618313204610017
915,31.4837545,-87.3292485,61.59208542248333
916,46.7729322,-92.1251218,0.0
917,27.5394499,-81.8073391,0.0
918,42.5134264,-83.1916698,0.0
919,30.1094042,-81.8321482,11.076447862097291
920,36.081338,-79.828421,0.47668707388233555
921,42.5134264,-83.1916698,0.0
922,42.5134264,-83.1916698,0.0
923,35.176645199999996,-86.08952029184576,67.60701510045553
924,32.6607862,-97.0610046,5.987910179033954
925,40.5710454,-111.8953815,7.552883777951999
926,30.180588498728795,-85.66817015873983,0.7294699444669788
927,34.4863603,-93.03577989549905,42.41168937053653
928,39.6279879,-104.9110296,0.0
929,47.041843,-122.951859,8.022611042078767
930,40.06859100447547,-93.58003278427616,28.038211900268763
931,33.5206824,-86.8024326,1.7986410855307455
932,35.1895369,-87.00408088522963,30.437576919970777
933,30.682266,-88.199759,86.16410535844265
934,29.6427373,-81.69247799940868,0.0
935,29.7589382,-95.3676974,0.0
936,27.9477595,-82.458444,0.0
937,33.7556593,-96.536658,61.56129547068771
938,45.17378965,-113.89179402104091,176.97483322044292
939,37.9517058,-121.77486765161083,4.241888186626058
940,35.2072185,-101.8338246,0.0
941,44.96548336719486,-89.67023461262961,23.381866892534628
942,33.57094635,-81.76308367406241,32.18348233577881
943,28.6649055,-81.37626861372098,8.574531662075795
944,42.5112107,-70.90516241826194,19.64323720812973
945,34.131822,-116.27504867355569,42.42696789159512
946,30.3644888,-97.9875325,3.732271549703776
947,42.70385589999999,-84.55475205203703,66.01378820064068
948,28.8243087,-81.71234241053276,0.0
949,36.393724500000005,-97.87069765000001,151.20827915609925
950,27.9477595,-82.458444,0.0
951,43.059765,-88.1547909880181,12.477912967731948
952,42.5134264,-83.1916698,0.0
953,42.5134264,-83.1916698,0.0
954,42.67300825,-88.28135870116643,21.573931756250744
955,44.30728405,-96.76663390619655,31.707223880587325
956,42.353434199999995,-83.05467013655965,0.0
957,30.5166727,-87.2189452,0.0
958,42.8602954,-87.9541229,11.938108800256742
959,41.277494209174634,-70.10200957896551,41.94812600461716
960,42.6727927,-88.5445447,21.573931756250744
961,27.9477595,-82.458444,0.0
962,31.31446655,-92.44979328481406,0.0
963,31.31446655,-92.44979328481406,0.0
964,32.6450688,-96.8832624,16.653585263447823
965,40.2755091,-85.84376813357535,16.88269712088047
966,42.716636300000005,-87.78423835345222,20.472994253073495
967,37.0944752,-81.7997182,53.3128519957706
968,35.032233000000005,-85.26656201714877,52.097103884697304
969,31.07785755,-97.36273013920454,5.595906337234434
970,38.4189885,-82.3385374,62.20182667173088
971,33.52506635,-112.10216139596028,7.5760005412564695
972,40.4678975,-85.37220226226975,30.23354992943134
973,20.0219431,-155.66435495948497,21.225223189990743
974,32.39901065,-87.04133165825164,55.85960075673441
975,33.7064949,-116.2338936,19.25522334253447
976,42.335679999999996,-71.1060436296658,0.0
977,36.0726355,-79.7919754,0.9806179815745361
978,34.06353456718882,-117.98583312291073,20.73560856625123
979,40.2602608,-103.79549752845602,110.37708820887151
980,29.708001250000002,-95.40145781009107,0.8290063339230527
981,44.7530536,-96.68316478709247,32.42193976415771
982,30.189903,-95.46477,10.471795880231856
983,39.986524,-85.9288817,1.0976646797033922
984,29.6427373,-81.69247799940868,0.0
985,27.4651344,-81.43288008759623,0.0
986,42.235226,-83.2765142986782,0.0
987,37.9456824,-87.4046571,9.023444877402227
988,29.519687056801676,-98.42756942738421,11.485282737554105
989,38.8950368,-77.0365427,0.6467470445207537
990,39.255623799999995,-114.85964447158909,189.05814438071974
991,41.85236555,-71.39827286024945,1.8264585834479894
992,31.458815350000002,-88.23550266412317,69.95394657446751
993,41.527147,-88.1345954,17.63427451048759
994,42.95120925,-90.12916566489977,87.04845188465607
995,36.28635645,-115.28548130898383,8.499762836921771
996,35.43761825,-80.60209037901089,19.705637792876722
997,38.85247425,-86.49400384741637,1.1302220183886718
998,42.5177251387968,-83.18879155621542,0.03269533210905888
999,27.288805449999998,-80.29420308952785,0.0
1000,42.5391677,-83.18166882927788,0.4434914069152617
1001,37.78603245,-122.42248179323714,0.0
1002,40.613474,-111.8256464,0.0
1003,43.67184495,-96.21087854504913,27.32836477847531
1004,42.5134264,-83.1916698,0.0
1005,31.675388849999997,-96.48057142119065,64.73193371706539
1006,34.1294101,-117.32548912814423,11.81033623049471
1007,40.6564172,-95.86250501143482,55.316269766038474
1008,33.8312185,-87.2775053,0.0
1009,33.4404993,-86.09073711271273,26.710093871196204
1010,47.5707986,-95.73926731075846,25.885591306605246
1011,36.0767617,-95.8009555,16.19001639599765
1012,47.6071132,-122.3217919,0.2751578849859495
1013,37.768,-121.4350966,0.0
1014,32.791704800000005,-96.78051721169936,0.3235631442083112
1015,46.877229,-96.789821,0.0
1016,28.2918995,-81.4075838,0.0
1017,39.35412555,-76.66539357378952,0.12600101212410653
1018,20.076294949999998,-155.46978839685363,21.225223189990743
1019,27.4957453,-81.4410425,0.0
1020,43.41020555,-94.833587048672,23.47318003003332
1021,34.27712244999999,-85.19610929187783,0.0
1022,34.27712244999999,-85.19610929187783,0.0
1023,26.950073600000003,-82.32661361096957,0.0
1024,26.950073600000003,-82.32661361096957,0.0
1025,27.4821165,-82.62255125971575,0.0
1026,37.366328,-81.1026607,16.99228436500351
1027,44.2204972,-72.56080422418867,54.47288691424614
1028,26.186878800000002,-98.22592798183837,0.46775992176806813
1029,42.5134264,-83.1916698,0.0
1030,42.59258185,-83.49828343007397,0.0
1031,43.71482695,-98.00710407500358,35.04723782529237
1032,42.988623,-87.950862,1.2363011350068904
1033,46.8141906,-95.84442882095273,72.25506995151041
1034,43.6035594,-116.2644692,33.18225649326783
1035,40.0959152,-85.68028482619175,23.382816435803015
1036,37.8556591,-122.25722333457279,3.5682817804950977
1037,48.7019104,-116.32138736614078,50.129614520448214
1038,34.583193800000004,-118.14462512448063,48.12209475895064
1039,43.0614853,-87.8807149,0.0
1040,37.78639065,-100.01712516725948,220.75358292106563
1041,41.2395005,-96.03112319371702,8.474653006699787
1042,33.9189345,-118.12806825381877,7.674076401862049
1043,42.5134264,-83.1916698,0.0
1044,42.5134264,-83.1916698,0.0
1045,42.351745949999994,-83.05630275529361,0.0
1046,42.35691185,-83.06200179367133,0.7170042407207291
1047,38.940386200000006,-77.54255874682269,9.406126203565586
1048,42.235226,-83.2765142986782,0.0
1049,33.792151000000004,-84.32208291367871,1.7112127152365306
1050,25.7432838,-80.25479116585467,4.071892248838513
1051,41.9884148,-87.81462388174296,10.87510444890843
1052,37.7566333,-122.4061889,1.601119097231216
1053,33.65747665,-117.7739298594096,12.417807551439488
1054,34.1650972,-84.7999383,0.0
1055,61.21045645,-149.8286313242076,0.0
1056,34.1650972,-84.7999383,0.0
1057,33.4810738,-117.10616979081323,11.194414549046467
1058,33.87739355,-84.02149045111923,0.0
1059,42.620904162934885,-83.09141882905487,0.0
1060,33.430897571428574,-94.0475897142857,142.22583421665794
1061,34.7801792,-84.78285142858465,0.0
1062,33.0141448,-96.79111071604154,0.12873965649126204
1063,32.767633,-88.6508784,44.30726214136206
1064,40.27179435,-86.04220745172398,16.88269712088047
1065,42.41907925,-83.18238206795442,0.0
1066,28.815170950000002,-81.28371525606829,0.0
1067,30.4764878,-96.6353488,34.152319842821186
1068,42.353434199999995,-83.05467013655965,0.0
1069,32.9299655,-97.2271249,5.703372114965336
1070,41.3363582,-72.10472554928862,22.95958277862909
1071,36.152351714285714,-86.80032565306122,0.253022923115479
1072,36.987220487889154,-121.97827653824129,0.0
1073,29.6611946,-82.41084630096364,0.0
1074,42.5177306076818,-83.18839375427606,0.0
1075,39.6279879,-104.9110296,0.0
1076,34.589892,-98.49113207510348,9.478740198403585
1077,40.338859400000004,-78.38845938964431,17.70123906619327
1078,29.044208349999998,-81.31761684532522,0.0
1079,31.7754152,-106.464634,0.0
1080,30.18664065,-85.66519682173211,0.0
1081,32.2084605,-80.94084030435418,15.914008845610466
1082,42.5134264,-83.1916698,0.0
1083,33.2840057,-86.7981238,4.722670315387017
1084,38.3368655,-85.79484608651975,7.276850521606543
1085,37.0849757,-84.62103686364476,76.79252544809646
1086,44.80840715,-95.54320669865358,44.17397410126341
1087,28.261380099999997,-82.1860421035091,0.0
1088,33.874684,-98.485502,79.3372831284512
1089,31.770289050000002,-106.50093970595606,3.485726517269157
1090,30.00904625,-97.85248306566189,8.252983792821793
1091,32.3074221,-96.6440812,24.129018836920164
1092,39.25184350000001,-76.61404461186797,5.1319851181942235
1093,33.88655895,-117.84324990647133,3.774831226586523
1094,42.5134264,-83.1916698,0.0
1095,42.5134264,-83.1916698,0.0
1096,44.9485796,-90.5643019,26.487612380579726
1097,45.06881985,-87.64488616800834,69.52560024853581
1098,42.353434199999995,-83.05467013655965,0.0
1099,36.26443795,-85.9500812599039,23.90610128111084
1100,35.4346687,-83.4448218421779,22.669066845596785
1101,32.90193547440741,-96.95897450731375,0.0
1102,39.1898379,-93.87716479941551,0.0
1103,33.0151208,-96.6130478,12.644942538503386
1104,43.0483624,-88.4709941,24.93413863384723
1105,44.9727816,-93.2616302,110.10964953303404
1106,46.50519705,-87.68433051822926,22.44757321560563
1107,28.5421109,-81.3790304,3.736709252559484
1108,37.668579949999994,-120.97337917658814,1.3984004793619862
1109,42.2020225,-71.89891616754682,10.967405867073012
1110,38.1828096,-81.32436660254378,29.372943844368095
1111,40.8088861,-96.7077751,6.8304930926405305
1112,31.6527489,-94.65376497310612,93.40424582215181
1113,33.0214002,-96.76653526891775,0.0
1114,30.5168639,-86.482172,0.0
1115,32.7762719,-96.7968559,0.0
1116,41.60596012121212,-93.6368737979798,115.56248716932122
1117,33.1508853,-96.8387712,7.549849167239819
1118,30.5168639,-86.482172,0.0
1119,43.6001636,-84.7610493940332,45.47746596477919
1120,41.5630476,-95.8847325,29.360404705038444
1121,42.0673817,-87.8922577,10.87510444890843
1122,42.785390750000005,-82.4810795814041,22.87881007968554
1123,26.683418500000002,-80.2526938023887,0.0
1124,32.327953050000005,-86.27778199599958,0.9890364173654097
1125,42.353434199999995,-83.05467013655965,0.0
1126,37.7060167,-122.16514715008631,6.748901065659492
1127,47.97566085,-122.217246253544,36.90567734043392
1128,44.55767955,-90.60778630914861,36.269264624476925
1129,37.78780795,-81.20176616788922,45.14719968303831
1130,35.96120139999999,-85.82934499891812,26.128227969829933
1131,32.73570585,-97.34514634519539,0.0
1132,42.240872,-83.2696509,0.8451328390799825
1133,28.915330400000002,-81.28491733442422,11.10164640121609
1134,34.00778505,-85.9663095796017,0.5778014464605288
1135,31.1128604,-97.80207001594687,36.93904557985365
1136,29.80620995,-85.29657892010421,51.805615151969974
1137,27.753265,-82.740509,0.0
1138,45.928256250000004,-89.25106500878744,33.4859164231749
1139,40.613474,-111.8256464,0.0
1140,27.753265,-82.740509,0.0
1141,30.2843191,-95.46818561196082,3.2704002266458962
1142,34.4412404,-85.75662959548669,46.1988023312925
1143,38.9007688,-77.03520999467811,0.6467470445207537
1144,28.5338357,-82.477773,0.0
1145,30.4296463,-87.23192565653656,5.586405288808926
1146,41.5623178,-72.6509061,0.931521210996292
1147,40.9245505,-98.3637181,65.1387030121713
1148,33.4645229,-86.7743504,0.0
1149,43.651276499999994,-70.26479941966662,68.6578924203
1150,38.3565773,-121.9877444,29.829134067084038
1151,42.091418950000005,-75.93687315942171,137.09605397419406
1152,44.379969,-97.561717,63.913492764947215
1153,42.5134264,-83.1916698,0.0
1154,39.809013,-79.02511706234029,20.94320634558748
1155,25.7741728,-80.19362,0.0
1156,34.5108202,-84.92672577403556,2.413618255916393
1157,41.24322345,-110.9906794268926,82.45665298828669
1158,45.4586569,-69.61090800632766,76.62906293424443
1159,45.48697645,-89.73407465493153,32.74215692650634
1160,21.315603,-158.008804,12.239816600657688
1161,32.44645,-99.7475905,187.17641887803399
1162,35.3784666,-94.3996456,114.17691055331946
1163,25.859556050000002,-80.213920403506,5.699172965227329
1164,32.92311145,-80.6695649707003,0.0
1165,35.3540209,-120.3757163,38.40669704778369
1166,32.661907799999994,-97.4128051588236,9.826633410658102
1167,42.362739,-71.0701541,0.11620896180282514
1168,32.73570585,-97.34514634519539,0.0
1169,36.3879675,-86.1682091920689,23.81589217997045
1170,39.9821348,-86.14595489083862,2.841469229599063
1171,39.6279879,-104.9110296,0.0
1172,39.2984734,-76.59463830190893,3.893943529983944
1173,41.54273245,-72.08868694772954,22.95958277862909
1174,34.0748898,-118.378802,4.029386220450169
1175,43.1491155,-97.72882676638307,20.824092796483672
1176,42.5134264,-83.1916698,0.0
1177,39.6279879,-104.9110296,0.0
1178,32.2552403599001,-110.883087262093,4.081039997126298
1179,39.4356798,-119.7606491,10.424224637861418
1180,25.7411276,-80.2142781767664,0.0
1181,37.892536007950426,-122.0582763934936,15.609739116696932
1182,47.518004250000004,-92.22973410040365,24.075622723517867
1183,28.261380099999997,-82.1860421035091,0.0
1184,39.1898379,-93.87716479941551,0.0
1185,34.0325923,-117.608711,16.767819940058953
1186,30.159307300000002,-85.6482537783041,3.040670038169026
1187,42.31637055,-111.29970362865863,45.147937643588996
1188,46.2343574,-119.0941664,0.0
1189,26.6553368,-80.0705981,6.713569179627962
1190,27.9477595,-82.458444,0.0
1191,43.981437650000004,-83.96906469064916,43.47739945246335
1192,42.5134264,-83.1916698,0.0
1193,39.961306,-74.218249,77.55428898647129
1194,35.7373084,-81.33809331388723,30.032963863309295
1195,33.114376899999996,-96.77048231110005,7.549849167239819
1196,34.202528349999994,-118.62930074661364,0.0
1197,43.519863,-96.675614,3.521987077793954
1198,42.41907925,-83.18238206795442,0.0
1199,47.503065899999996,-94.89927944803517,37.93973143965977
1200,37.55305395,-121.97535458284273,18.97989826690373
1201,42.5134264,-83.1916698,0.0
1202,27.9477595,-82.458444,0.0
1203,44.12663555,-87.6176148820314,40.02912052917334
1204,44.360483,-100.34202588487022,78.96056866404464
1205,32.99796995,-96.75501021910591,2.3397129316035707
1206,32.7298635,-97.34555523667592,0.0
1207,35.4403753,-84.60691680519231,14.94515338666657
1208,38.9755174,-77.6413094,9.406126203565586
1209,43.097987599999996,-87.91485588676298,4.916768850400167
1210,36.0325687,-86.7825235,0.0
1211,21.30814575,-157.8541318869153,8.048240347528717
1212,27.9477595,-82.458444,0.0
1213,38.011421049999996,-84.21644331949392,23.3528365812089
1214,33.2442813,-86.8163773,4.722670315387017
1215,22.0875302,-159.31264161951142,159.71112066083873
1216,44.479156038075054,-87.93843955691099,45.02621832347593
1217,42.6055893,-83.1499304,4.806316185410013
1218,37.16173895,-83.76224548894476,0.0
1219,35.20677700441524,-89.80224384200658,13.332916337975666
1220,32.7762719,-96.7968559,0.0
1221,43.0426311,-87.92798376330694,4.3838567574036915
1222,38.571524499999995,-121.46873271472235,0.0
1223,39.9806984,-76.78127514519431,6.669291977278752
1224,40.9664806,-76.6131474,90.28770145263589
1225,33.7038145,-117.9627349,14.044014938430395
1226,43.535441399999996,-96.74313037183335,2.3222380760910726
1227,28.8243087,-81.71234241053276,0.0
1228,32.820470150000006,-79.85044223160341,0.41160426365384356
1229,41.07913755,-81.52575337240714,2.297219582210273
1230,35.09203755,-80.87159688163479,12.586925833464264
1231,31.9996941,-102.15622559653056,232.38288766519355
1232,32.69227062822557,-97.11513785016349,0.20606097101881438
1233,31.3080607,-86.482424,21.65191283135911
1234,42.620904162934885,-83.09141882905487,0.0
1235,34.0988124,-118.2970924,7.994292054762442
1236,45.139831,-89.178447,39.76688865562246
1237,32.92311145,-80.6695649707003,0.0
1238,46.09955255,-88.6192455266451,52.504245395332504
1239,39.2724019,-76.670918,2.6154421143440523
1240,28.34799385,-82.1997464313735,0.0
1241,37.4108841,-94.70496,107.76774600112329
1242,32.912844500000006,-96.77171768565881,0.21443864407448907
1243,39.9565069,-86.1576248,0.3609601350247896
1244,42.9878542,-82.42978253794331,22.87881007968554
1245,43.297846199999995,-72.49525820941415,30.963629939020983
1246,45.453038,-99.654007,35.53587440219019
1247,37.6580523,-122.4377901,8.765541648505268
1248,42.349870749999994,-83.05539246328298,0.22138929090458087
1249,32.90097765,-96.77063370464859,1.2741916074261026
1250,28.173098451354907,-82.35387656067633,13.227395277635258
1251,48.116524565729925,-96.17990768242923,69.06211609563513
1252,43.06481785,-70.78932128426669,0.0
1253,32.8349093,-96.96102011870875,7.435809840346164
1254,37.801053249999995,-121.19747114154427,16.554979741322036
1255,27.8052244,-82.72641043233625,0.0
1256,42.33132435,-71.24519969081618,8.236459557873665
1257,35.3897946,-82.48792326964004,48.31644807887761
1258,28.361202300000002,-82.68800984584342,0.0
1259,39.6279879,-104.9110296,0.0
1260,43.20024755,-88.69657909592996,24.93413863384723
1261,33.468524099999996,-86.78634357578244,1.1999453407887
1262,47.6742994,-116.7811531,47.51904071267034
1263,33.6044765,-86.30130519925143,26.710093871196204
1264,36.8162439,-86.8815642107652,41.83949794031631
1265,42.59258185,-83.49828343007397,0.0
1266,34.694120999999996,-86.5727493705092,2.9200151011975946
1267,44.6725641,-90.180081,36.269264624476925
1268,30.0541116,-97.3887764,25.11855096073213
1269,35.09797965,-89.86439736964769,13.332916337975666
1270,19.5200737,-155.9176033466496,58.75343185521784
1271,26.753193807692305,-80.06258773076922,2.669100302819284
1272,43.65339635,-116.69500336078701,0.0
1273,42.5134264,-83.1916698,0.0
1274,38.55074886790745,-121.41492814747949,5.225958953297565
1275,43.4702675,-111.99209549105757,0.0
1276,34.6086854,-98.3903305,9.478740198403585
1277,34.02790895,-81.02906926590563,2.079074871380963
1278,38.6023143,-121.3934474815771,6.0224246820718825
1279,37.823542,-122.2590169,0.6531470530537116
1280,40.9895652,-94.7485186,100.99486939330752
1281,39.6424702,-78.9104211,20.94320634558748
1282,44.79535435,-91.51943737945902,40.024130427398305
1283,45.4552511,-91.10999413426137,51.026262232709904
1284,32.315069300000005,-81.05390586040045,15.914008845610466
1285,33.0147813,-96.7899585,0.12873965649126204
1286,43.5944677,-83.8888648,1.8275211707511763
1287,37.36213405,-121.84936853938501,0.0
1288,20.88465665,-156.48965748601668,0.0
1289,47.648322449999995,-117.41262361248272,47.51904071267034
1290,42.1973953,-71.01806068617303,14.749349855298268
1291,43.595578,-85.324232,45.47746596477919
1292,33.1651887,-86.25564905054785,34.179724209762426
1293,43.13548165,-77.60625921505942,1.8392333565673669
1294,39.306017100000005,-81.53459636750527,108.67489949807516
1295,37.71344777907861,-85.87467834834153,56.41512313680677
1296,40.585120200000006,-122.41373435917106,169.68275408565663
1297,34.7801792,-84.78285142858465,0.0
1298,42.620904162934885,-83.09141882905487,0.0
1299,32.7298635,-97.34555523667592,0.0
1300,30.3608179,-87.1569252608349,10.496246513037626
1301,42.6173755,-83.09356973654533,0.4298730063610985
1302,32.2236873,-80.71500334536289,21.35669588632269
1303,39.8170472,-93.55121067707964,28.038211900268763
1304,42.5134264,-83.1916698,0.0
1305,42.15547415,-72.47222226666076,24.506733300534634
1306,38.56820835,-86.47501795758988,31.599525048225875
1307,42.6543652,-111.6046687,45.147937643588996
1308,43.77266535,-87.71040020133867,40.02912052917334
1309,35.99267845,-96.10030453572621,19.974025053023993
1310,37.81952487575195,-122.26443779579307,0.20913045485018913
1311,40.9712116,-117.7275249,75.96549214969086
1312,38.574972450000004,-109.55936842729115,158.7596283486333
1313,45.3397801,-97.5222383015915,51.061415199119246
1314,44.52005525,-98.99166452348763,53.90468365057469
1315,42.59258185,-83.49828343007397,0.0
1316,35.9490678,-85.47687375248385,23.7593087546924
1317,31.22425015,-82.34789554409258,0.0
1318,27.9477595,-82.458444,0.0
1319,37.77621565,-121.95861021536575,14.416868059535442
1320,38.571524499999995,-121.46873271472235,0.0
1321,42.5134264,-83.1916698,0.0
1322,42.5134264,-83.1916698,0.0
1323,48.2323727,-101.29447675735277,76.34832893514873
1324,42.383509849999996,-82.91382827966505,0.0
1325,47.525862,-95.40184987755102,25.885591306605246
1326,27.933692,-82.2878701,0.0
1327,33.8312185,-87.2775053,0.0
1328,39.24864035,-94.6484347936709,23.004001031437724
1329,31.7904752,-106.26464412523352,7.4172818185600535
1330,33.3806716,-84.7996573,58.01217292006884
1331,32.7762719,-96.7968559,0.0
1332,40.613474,-111.8256464,0.0
1333,41.554399149999995,-72.6472261134776,0.931521210996292
1334,42.5134264,-83.1916698,0.0
1335,45.5695863,-96.433299,42.04798935092795
1336,27.9477595,-82.458444,0.0
1337,39.558666450000004,-76.98979776855404,28.609999739322554
1338,30.9498177,-87.15083047731461,48.461617622139954
1339,39.04959169999999,-94.34817711698423,0.0
1340,39.04959169999999,-94.34817711698423,0.0
1341,41.42116765,-81.59820934596104,9.332522876160551
1342,27.9477595,-82.458444,0.0
1343,45.93123549432063,-90.44184734303768,57.540329555840295
1344,32.464044900000005,-86.45235347708427,22.305266633550534
1345,42.820664550000004,-108.72665693836291,34.58603777267121
1346,36.080186,-79.786318,0.9806179815745361
1347,42.5134264,-83.1916698,0.0
1348,30.5166727,-87.2189452,0.0
